id,age,workclass,fnlwgt,education,education-num,marital-status,occupation,relationship,race,sex,capital-gain,capital-loss,hours-per-week,native-country,income
10993,26,Private,266062,Some-college,10,Never-married,Exec-managerial,Not-in-family,White,Male,0,0,60,United-States,<=50K
32255,41,Private,200671,Bachelors,13,Divorced,Transport-moving,Own-child,Black,Male,6497,0,40,United-States,<=50K
24246,35,Private,148581,HS-grad,9,Married-civ-spouse,Craft-repair,Husband,White,Male,0,1740,40,United-States,<=50K
24862,51,Self-emp-not-inc,174824,HS-grad,9,Never-married,Farming-fishing,Not-in-family,White,Male,8614,0,40,United-States,>50K
44788,54,Private,185042,1st-4th,2,Separated,Priv-house-serv,Other-relative,White,Female,0,0,40,Mexico,<=50K
29552,33,Local-gov,70164,Bachelors,13,Never-married,Prof-specialty,Not-in-family,Amer-Indian-Eskimo,Male,0,0,60,United-States,<=50K
6916,45,Private,168191,Some-college,10,Married-civ-spouse,Tech-support,Husband,White,Male,15024,0,37,United-States,>50K
1072,33,Private,231826,11th,7,Married-civ-spouse,Craft-repair,Husband,White,Male,0,0,40,Mexico,<=50K
28332,33,Private,130057,Assoc-acdm,12,Never-married,Craft-repair,Not-in-family,White,Male,0,0,45,United-States,<=50K
18577,22,Self-emp-not-inc,199011,HS-grad,9,Never-married,Craft-repair,Other-relative,White,Male,0,0,20,United-States,<=50K
3705,20,Private,254547,HS-grad,9,Never-married,Adm-clerical,Not-in-family,Black,Female,0,0,35,Outlying-US(Guam-USVI-etc),<=50K
8940,54,Private,56741,HS-grad,9,Married-civ-spouse,Adm-clerical,Wife,White,Female,0,0,40,United-States,<=50K
16599,29,Private,423158,Some-college,10,Never-married,Tech-support,Not-in-family,White,Female,0,0,40,United-States,<=50K
15962,19,Private,239057,HS-grad,9,Never-married,Craft-repair,Own-child,White,Male,0,0,40,United-States,<=50K
46990,23,Private,60331,Some-college,10,Never-married,Craft-repair,Not-in-family,White,Male,0,0,40,United-States,<=50K
41457,33,Local-gov,175509,HS-grad,9,Married-civ-spouse,Protective-serv,Husband,White,Male,0,0,40,United-States,<=50K
1956,30,Private,325509,HS-grad,9,Married-civ-spouse,Craft-repair,Husband,White,Male,0,0,35,United-States,<=50K
28059,19,Private,148392,HS-grad,9,Never-married,Adm-clerical,Own-child,White,Male,0,0,30,United-States,<=50K
10252,25,Private,72294,HS-grad,9,Never-married,Adm-clerical,Own-child,White,Female,0,0,40,United-States,<=50K
2627,40,Self-emp-not-inc,29702,HS-grad,9,Never-married,Farming-fishing,Own-child,White,Male,0,0,85,United-States,<=50K
29636,20,Private,84726,Some-college,10,Never-married,Tech-support,Not-in-family,White,Female,0,0,40,United-States,<=50K
28277,90,Private,40388,Bachelors,13,Never-married,Exec-managerial,Not-in-family,White,Male,0,0,55,United-States,<=50K
98,59,Private,272087,HS-grad,9,Married-civ-spouse,Transport-moving,Husband,White,Male,0,0,40,United-States,>50K
37926,47,Private,32509,Some-college,10,Divorced,Other-service,Unmarried,White,Female,0,0,40,United-States,<=50K
9725,21,Self-emp-not-inc,190968,HS-grad,9,Never-married,Farming-fishing,Own-child,White,Male,0,0,25,United-States,<=50K
45412,58,Private,320102,Doctorate,16,Married-civ-spouse,Prof-specialty,Husband,White,Male,0,0,50,United-States,>50K
38502,33,Private,83671,HS-grad,9,Never-married,Sales,Own-child,Black,Female,0,0,40,United-States,<=50K
44100,37,Private,179468,HS-grad,9,Married-civ-spouse,Craft-repair,Husband,White,Male,0,0,40,United-States,<=50K
15153,27,Private,262723,Some-college,10,Never-married,Machine-op-inspct,Unmarried,Black,Male,0,0,40,United-States,<=50K
44324,61,,63526,12th,8,Never-married,,Not-in-family,Black,Male,0,0,52,United-States,<=50K
37616,43,Self-emp-not-inc,194726,HS-grad,9,Divorced,Craft-repair,Own-child,White,Male,0,0,35,United-States,<=50K
48674,43,Private,191712,Bachelors,13,Never-married,Adm-clerical,Not-in-family,White,Male,0,1741,40,United-States,<=50K
15699,29,Private,194640,HS-grad,9,Never-married,Craft-repair,Own-child,White,Male,0,0,40,United-States,<=50K
39239,18,Self-emp-not-inc,230373,11th,7,Never-married,Other-service,Own-child,White,Female,594,0,4,United-States,<=50K
43406,72,Private,107814,Masters,14,Never-married,Prof-specialty,Not-in-family,White,Male,2329,0,60,United-States,<=50K
19926,33,Private,170651,HS-grad,9,Never-married,Other-service,Own-child,White,Female,1055,0,40,United-States,<=50K
13365,24,Private,36011,Some-college,10,Married-civ-spouse,Sales,Husband,White,Male,0,2057,45,United-States,<=50K
47349,19,Private,117444,HS-grad,9,Never-married,Craft-repair,Own-child,White,Male,0,0,40,United-States,<=50K
11398,42,State-gov,178897,Masters,14,Divorced,Prof-specialty,Unmarried,White,Female,1151,0,40,United-States,<=50K
30287,21,Private,363192,Assoc-voc,11,Never-married,Other-service,Own-child,White,Female,0,0,40,United-States,<=50K
9146,45,Private,115187,Assoc-voc,11,Divorced,Machine-op-inspct,Own-child,White,Female,0,0,40,United-States,<=50K
17016,35,Private,234901,Some-college,10,Married-civ-spouse,Craft-repair,Husband,White,Male,2407,0,40,United-States,<=50K
8322,22,Private,202153,Some-college,10,Never-married,Other-service,Own-child,White,Female,0,0,40,United-States,<=50K
32109,61,Private,195595,7th-8th,4,Married-spouse-absent,Machine-op-inspct,Not-in-family,White,Male,0,0,40,Guatemala,<=50K
5501,43,Local-gov,115511,Some-college,10,Married-civ-spouse,Farming-fishing,Husband,White,Male,0,2002,40,United-States,<=50K
24011,43,Private,185670,1st-4th,2,Widowed,Prof-specialty,Unmarried,White,Female,0,0,21,Mexico,<=50K
47895,49,Private,237920,Doctorate,16,Married-civ-spouse,Sales,Husband,White,Male,0,0,60,United-States,<=50K
3840,32,Private,64658,HS-grad,9,Divorced,Craft-repair,Not-in-family,White,Male,0,0,40,United-States,<=50K
13519,51,Private,202752,12th,8,Separated,Transport-moving,Not-in-family,Black,Male,0,0,40,United-States,<=50K
330,18,Private,228216,HS-grad,9,Never-married,Handlers-cleaners,Own-child,White,Male,0,0,20,United-States,<=50K
12556,42,Private,251239,9th,5,Never-married,Farming-fishing,Not-in-family,White,Male,0,0,40,Puerto-Rico,<=50K
11671,20,Private,204596,12th,8,Never-married,Adm-clerical,Own-child,White,Female,0,0,20,United-States,<=50K
19395,20,Private,168165,Some-college,10,Never-married,Other-service,Own-child,White,Male,0,0,30,United-States,<=50K
47111,33,,314913,11th,7,Divorced,,Own-child,White,Male,0,0,53,United-States,<=50K
35124,35,State-gov,318891,Assoc-acdm,12,Widowed,Exec-managerial,Not-in-family,White,Female,0,0,40,United-States,<=50K
37802,37,Private,709445,HS-grad,9,Separated,Craft-repair,Other-relative,Black,Male,0,0,40,United-States,<=50K
26516,29,Private,214881,HS-grad,9,Never-married,Exec-managerial,Not-in-family,White,Male,0,0,40,United-States,<=50K
27908,29,Private,253752,10th,6,Married-civ-spouse,Farming-fishing,Wife,White,Female,0,0,40,United-States,<=50K
28137,43,Private,132130,Assoc-voc,11,Married-civ-spouse,Farming-fishing,Husband,White,Male,0,0,40,United-States,>50K
16971,54,Local-gov,113000,Some-college,10,Married-civ-spouse,Farming-fishing,Husband,White,Male,0,0,40,United-States,<=50K
19528,64,Self-emp-inc,132832,HS-grad,9,Married-civ-spouse,Adm-clerical,Wife,White,Female,20051,0,40,,>50K
37712,39,Private,139703,HS-grad,9,Married-spouse-absent,Sales,Unmarried,Black,Female,0,0,28,Jamaica,<=50K
37192,47,Private,147236,HS-grad,9,Married-civ-spouse,Craft-repair,Husband,White,Male,0,0,40,United-States,>50K
1032,63,Private,170815,Some-college,10,Married-civ-spouse,Prof-specialty,Husband,White,Male,0,0,38,United-States,<=50K
35346,31,Private,114937,Bachelors,13,Married-civ-spouse,Prof-specialty,Husband,White,Male,0,0,35,United-States,<=50K
35048,46,Private,110794,Some-college,10,Never-married,Adm-clerical,Not-in-family,White,Female,0,0,40,United-States,<=50K
32211,65,Private,31924,Some-college,10,Widowed,Adm-clerical,Not-in-family,White,Female,0,0,15,United-States,<=50K
12815,23,Private,358355,5th-6th,3,Married-civ-spouse,Handlers-cleaners,Wife,White,Female,0,0,40,Mexico,<=50K
34992,68,Local-gov,31725,HS-grad,9,Married-civ-spouse,Farming-fishing,Husband,White,Male,0,0,40,United-States,<=50K
8393,24,Private,190483,HS-grad,9,Never-married,Adm-clerical,Own-child,White,Female,0,0,40,United-States,<=50K
15000,46,Local-gov,132994,Some-college,10,Married-civ-spouse,Adm-clerical,Wife,White,Female,7688,0,40,United-States,>50K
9724,28,Private,109857,Assoc-voc,11,Divorced,Tech-support,Unmarried,White,Female,0,0,40,United-States,<=50K
34976,45,Private,197240,12th,8,Married-civ-spouse,Sales,Husband,White,Male,7688,0,40,United-States,>50K
476,39,Private,98886,7th-8th,4,Married-civ-spouse,Other-service,Husband,White,Male,4508,0,40,Mexico,<=50K
38054,23,Private,343019,10th,6,Never-married,Other-service,Not-in-family,White,Female,0,0,40,United-States,<=50K
47460,21,Private,51262,HS-grad,9,Never-married,Other-service,Own-child,White,Male,0,0,35,United-States,<=50K
17090,20,Private,138768,HS-grad,9,Never-married,Transport-moving,Own-child,White,Male,0,0,30,United-States,<=50K
22167,29,Private,35032,HS-grad,9,Married-civ-spouse,Craft-repair,Husband,White,Male,0,0,40,United-States,<=50K
5080,44,Self-emp-not-inc,255543,5th-6th,3,Married-civ-spouse,Farming-fishing,Husband,White,Male,0,0,84,United-States,>50K
36934,19,Private,120277,HS-grad,9,Never-married,Other-service,Not-in-family,White,Female,0,0,30,United-States,<=50K
37877,24,Private,236769,Assoc-acdm,12,Never-married,Exec-managerial,Own-child,White,Male,0,0,40,United-States,<=50K
9731,45,Self-emp-not-inc,28119,Bachelors,13,Divorced,Prof-specialty,Not-in-family,White,Male,0,0,65,United-States,<=50K
6576,22,Private,228394,HS-grad,9,Never-married,Other-service,Not-in-family,White,Female,0,0,50,United-States,<=50K
35220,40,Self-emp-not-inc,240698,HS-grad,9,Married-civ-spouse,Craft-repair,Husband,White,Male,0,0,60,United-States,<=50K
37445,43,Local-gov,114859,Some-college,10,Married-civ-spouse,Transport-moving,Husband,White,Male,0,0,17,United-States,<=50K
34253,37,Private,138441,HS-grad,9,Divorced,Transport-moving,Not-in-family,White,Male,0,0,40,United-States,<=50K
41333,33,Private,314310,HS-grad,9,Married-spouse-absent,Sales,Not-in-family,White,Male,0,0,20,United-States,<=50K
34139,30,Private,160784,Some-college,10,Never-married,Sales,Not-in-family,White,Male,0,0,45,United-States,<=50K
14611,24,Private,235720,HS-grad,9,Never-married,Adm-clerical,Own-child,White,Male,0,0,50,United-States,<=50K
16830,28,Private,184831,Some-college,10,Never-married,Craft-repair,Unmarried,White,Male,0,0,40,United-States,<=50K
39168,50,Self-emp-not-inc,240612,Bachelors,13,Divorced,Prof-specialty,Not-in-family,White,Female,0,0,60,United-States,<=50K
15578,18,Local-gov,242956,11th,7,Never-married,Prof-specialty,Own-child,Black,Female,0,0,40,United-States,<=50K
16610,66,Private,127921,HS-grad,9,Never-married,Transport-moving,Not-in-family,White,Male,2050,0,55,United-States,<=50K
8239,64,Private,211846,10th,6,Married-civ-spouse,Protective-serv,Husband,White,Male,0,0,40,United-States,<=50K
48137,23,Private,330571,Bachelors,13,Never-married,Prof-specialty,Not-in-family,White,Female,0,0,16,United-States,<=50K
38755,34,Private,198613,11th,7,Married-civ-spouse,Sales,Husband,White,Male,0,0,25,,<=50K
14836,47,Private,195963,7th-8th,4,Never-married,Transport-moving,Not-in-family,Other,Male,0,0,48,Puerto-Rico,<=50K
821,32,Private,28984,Some-college,10,Never-married,Other-service,Not-in-family,White,Female,0,2001,25,United-States,<=50K
39141,34,Private,554206,HS-grad,9,Separated,Transport-moving,Not-in-family,Black,Male,0,0,20,United-States,<=50K
6985,54,Private,320012,Some-college,10,Married-civ-spouse,Adm-clerical,Wife,White,Female,0,0,40,United-States,<=50K
198,19,Private,355313,HS-grad,9,Never-married,Machine-op-inspct,Not-in-family,White,Female,0,0,40,United-States,<=50K
31227,31,Local-gov,143392,Some-college,10,Divorced,Adm-clerical,Not-in-family,White,Female,0,0,35,United-States,<=50K
2348,41,Federal-gov,92968,Masters,14,Never-married,Tech-support,Not-in-family,Black,Male,0,0,40,United-States,<=50K
15551,32,Private,39248,Bachelors,13,Never-married,Tech-support,Not-in-family,Other,Male,0,0,40,United-States,<=50K
45178,31,Private,46807,Bachelors,13,Never-married,Tech-support,Not-in-family,White,Male,0,0,40,United-States,<=50K
37439,25,,170428,Bachelors,13,Never-married,,Not-in-family,Asian-Pac-Islander,Male,0,0,28,Taiwan,<=50K
48015,71,Self-emp-not-inc,78786,7th-8th,4,Married-civ-spouse,Farming-fishing,Husband,White,Male,0,0,10,United-States,<=50K
37639,48,Private,190072,Some-college,10,Divorced,Exec-managerial,Not-in-family,White,Male,0,0,50,United-States,>50K
32758,51,Private,162988,10th,6,Divorced,Other-service,Unmarried,White,Female,0,0,25,United-States,<=50K
5175,46,Private,141221,Bachelors,13,Married-civ-spouse,Adm-clerical,Husband,Asian-Pac-Islander,Male,0,0,40,Philippines,>50K
43576,36,Private,549174,HS-grad,9,Married-civ-spouse,Craft-repair,Husband,White,Male,0,0,40,United-States,<=50K
648,51,Private,190678,HS-grad,9,Divorced,Prof-specialty,Unmarried,Black,Female,0,0,40,,<=50K
36853,35,Private,202027,Bachelors,13,Married-civ-spouse,Handlers-cleaners,Husband,White,Male,7298,0,35,United-States,>50K
13631,52,Private,233149,Masters,14,Married-civ-spouse,Sales,Husband,White,Male,15024,0,40,United-States,>50K
32234,31,Private,591711,Some-college,10,Married-spouse-absent,Transport-moving,Not-in-family,Black,Male,0,0,40,,<=50K
33601,40,Private,336707,Assoc-voc,11,Separated,Craft-repair,Not-in-family,White,Female,0,0,60,United-States,<=50K
34458,71,Self-emp-not-inc,172046,7th-8th,4,Married-civ-spouse,Farming-fishing,Husband,White,Male,0,0,50,United-States,<=50K
19788,25,Local-gov,112835,Masters,14,Never-married,Protective-serv,Not-in-family,White,Male,0,0,40,United-States,<=50K
38275,26,Private,335533,HS-grad,9,Never-married,Craft-repair,Own-child,White,Male,0,0,20,United-States,<=50K
9733,58,Local-gov,153914,HS-grad,9,Widowed,Adm-clerical,Not-in-family,White,Female,0,0,30,United-States,<=50K
38991,29,Private,90934,Bachelors,13,Never-married,Prof-specialty,Own-child,Asian-Pac-Islander,Male,0,0,64,Philippines,>50K
21013,23,Private,260019,7th-8th,4,Never-married,Farming-fishing,Unmarried,Other,Male,0,0,36,Mexico,<=50K
9163,58,Private,236731,1st-4th,2,Married-civ-spouse,Other-service,Husband,White,Male,0,0,40,Cuba,<=50K
3734,49,Private,81535,Bachelors,13,Married-civ-spouse,Exec-managerial,Husband,White,Male,0,0,75,United-States,>50K
48340,55,Private,183580,Some-college,10,Married-civ-spouse,Craft-repair,Husband,White,Male,0,0,38,United-States,<=50K
39776,56,Private,170324,5th-6th,3,Married-civ-spouse,Craft-repair,Husband,Black,Male,0,0,40,Trinadad&Tobago,<=50K
6529,64,Self-emp-not-inc,30310,7th-8th,4,Married-civ-spouse,Farming-fishing,Husband,White,Male,0,0,60,United-States,<=50K
15257,29,Private,131712,11th,7,Never-married,Craft-repair,Not-in-family,White,Male,0,0,40,United-States,<=50K
24228,17,Private,186067,10th,6,Never-married,Tech-support,Own-child,White,Male,0,0,10,United-States,<=50K
2969,31,Self-emp-inc,136402,Assoc-acdm,12,Married-civ-spouse,Sales,Husband,White,Male,0,0,40,United-States,<=50K
7976,40,Private,180206,Assoc-acdm,12,Married-civ-spouse,Exec-managerial,Husband,White,Male,0,0,40,United-States,>50K
6,29,,227026,HS-grad,9,Never-married,,Unmarried,Black,Male,0,0,40,United-States,<=50K
22910,23,Private,120910,HS-grad,9,Never-married,Other-service,Unmarried,White,Female,0,0,35,United-States,<=50K
40899,32,Private,160634,Bachelors,13,Married-civ-spouse,Farming-fishing,Husband,White,Male,0,0,60,United-States,<=50K
30542,22,Private,264738,HS-grad,9,Never-married,Exec-managerial,Other-relative,White,Female,0,0,42,Germany,<=50K
28961,43,Private,137126,Some-college,10,Married-civ-spouse,Exec-managerial,Husband,White,Male,0,0,40,United-States,>50K
34694,90,Private,313749,Bachelors,13,Never-married,Prof-specialty,Own-child,White,Female,0,0,10,United-States,<=50K
44205,42,Private,198619,Assoc-voc,11,Married-civ-spouse,Machine-op-inspct,Husband,White,Male,0,0,40,United-States,<=50K
15998,49,Federal-gov,193998,Some-college,10,Never-married,Craft-repair,Not-in-family,Black,Male,0,0,40,United-States,<=50K
36004,27,Private,180262,Some-college,10,Never-married,Exec-managerial,Not-in-family,White,Female,0,0,40,United-States,<=50K
35564,61,Self-emp-not-inc,181033,HS-grad,9,Married-civ-spouse,Farming-fishing,Husband,White,Male,0,0,60,United-States,<=50K
16758,22,Private,281432,Some-college,10,Never-married,Handlers-cleaners,Own-child,White,Male,0,0,30,United-States,<=50K
25133,45,Self-emp-not-inc,188694,HS-grad,9,Married-civ-spouse,Exec-managerial,Husband,White,Male,0,0,40,United-States,<=50K
35129,35,Local-gov,177305,Some-college,10,Married-civ-spouse,Exec-managerial,Husband,White,Male,0,2377,40,United-States,<=50K
6994,19,Private,216413,Some-college,10,Never-married,Other-service,Own-child,White,Female,0,0,20,United-States,<=50K
953,19,Local-gov,220558,11th,7,Never-married,Handlers-cleaners,Other-relative,White,Male,0,0,35,United-States,<=50K
48584,59,Private,207391,HS-grad,9,Divorced,Machine-op-inspct,Not-in-family,White,Male,0,0,40,United-States,<=50K
2875,36,Private,93461,HS-grad,9,Married-civ-spouse,Craft-repair,Wife,White,Female,0,0,30,United-States,<=50K
21394,59,Federal-gov,243612,HS-grad,9,Widowed,Machine-op-inspct,Unmarried,White,Female,0,0,40,United-States,<=50K
42501,28,Private,392100,HS-grad,9,Married-civ-spouse,Craft-repair,Own-child,White,Male,0,0,40,United-States,<=50K
14522,23,,214542,Bachelors,13,Never-married,,Own-child,White,Male,0,0,42,United-States,<=50K
36773,68,Private,204082,Some-college,10,Widowed,Exec-managerial,Not-in-family,White,Female,0,0,45,United-States,<=50K
3241,43,Private,120277,Bachelors,13,Never-married,Prof-specialty,Own-child,White,Male,0,0,45,United-States,<=50K
23517,40,Private,204046,10th,6,Divorced,Transport-moving,Own-child,White,Male,0,0,40,United-States,<=50K
22621,42,Private,183096,Some-college,10,Divorced,Exec-managerial,Own-child,White,Female,0,0,40,United-States,<=50K
46609,17,Private,128617,10th,6,Never-married,Handlers-cleaners,Own-child,White,Male,0,0,26,United-States,<=50K
29096,23,Private,238831,Some-college,10,Never-married,Adm-clerical,Own-child,White,Male,0,0,40,United-States,<=50K
23665,37,Private,172538,HS-grad,9,Never-married,Machine-op-inspct,Own-child,White,Male,0,0,40,United-States,<=50K
42073,46,Local-gov,207946,Masters,14,Divorced,Prof-specialty,Unmarried,White,Female,0,0,43,United-States,<=50K
30001,51,Private,74275,HS-grad,9,Married-civ-spouse,Machine-op-inspct,Husband,White,Male,0,0,40,United-States,<=50K
4305,29,Private,59792,Bachelors,13,Never-married,Prof-specialty,Not-in-family,Asian-Pac-Islander,Male,0,0,40,Taiwan,<=50K
44837,34,Private,113838,Some-college,10,Married-civ-spouse,Craft-repair,Husband,White,Male,0,0,45,United-States,<=50K
35084,33,Private,183557,Assoc-acdm,12,Never-married,Prof-specialty,Not-in-family,White,Female,0,0,40,United-States,<=50K
43375,24,Private,177526,Assoc-voc,11,Never-married,Craft-repair,Own-child,White,Male,0,0,40,United-States,<=50K
30476,32,Self-emp-not-inc,116834,HS-grad,9,Married-civ-spouse,Other-service,Wife,White,Female,0,0,5,,<=50K
42185,31,Local-gov,178449,Prof-school,15,Married-civ-spouse,Prof-specialty,Husband,White,Male,0,0,40,United-States,>50K
45097,27,Private,341672,Some-college,10,Never-married,Adm-clerical,Other-relative,Asian-Pac-Islander,Male,0,0,40,India,<=50K
27096,37,Federal-gov,93225,Some-college,10,Married-civ-spouse,Adm-clerical,Husband,White,Male,7688,0,40,United-States,>50K
32803,28,Local-gov,251854,Some-college,10,Never-married,Adm-clerical,Unmarried,Black,Female,0,0,40,United-States,<=50K
4201,61,Self-emp-not-inc,184009,Bachelors,13,Never-married,Exec-managerial,Not-in-family,White,Female,0,2444,50,United-States,>50K
22454,79,Private,120707,Doctorate,16,Married-civ-spouse,Prof-specialty,Husband,White,Male,20051,0,35,El-Salvador,>50K
14045,20,Private,162688,HS-grad,9,Never-married,Handlers-cleaners,Own-child,White,Male,0,0,35,United-States,<=50K
4775,50,Private,166368,HS-grad,9,Married-civ-spouse,Machine-op-inspct,Husband,White,Male,0,0,40,United-States,<=50K
35601,28,,78388,10th,6,Never-married,,Own-child,White,Female,0,0,38,United-States,<=50K
23716,27,Private,107218,HS-grad,9,Never-married,Other-service,Own-child,Asian-Pac-Islander,Male,0,0,40,United-States,<=50K
45161,53,Private,73134,HS-grad,9,Married-civ-spouse,Sales,Husband,White,Male,15024,0,60,United-States,>50K
2189,45,Private,192360,Masters,14,Married-civ-spouse,Exec-managerial,Husband,White,Male,0,1902,50,United-States,>50K
30081,40,Private,162098,HS-grad,9,Divorced,Adm-clerical,Unmarried,White,Female,0,0,30,United-States,<=50K
7195,23,Private,194630,HS-grad,9,Separated,Machine-op-inspct,Own-child,White,Male,0,0,53,United-States,<=50K
45197,23,Private,248978,11th,7,Married-civ-spouse,Handlers-cleaners,Husband,White,Male,0,0,40,Mexico,<=50K
22249,64,Self-emp-inc,165667,Doctorate,16,Married-civ-spouse,Prof-specialty,Husband,White,Male,7688,0,60,Canada,>50K
24580,23,Self-emp-not-inc,121313,HS-grad,9,Never-married,Craft-repair,Own-child,White,Male,0,0,40,United-States,<=50K
22698,37,Private,83375,HS-grad,9,Divorced,Farming-fishing,Not-in-family,White,Male,0,0,40,United-States,<=50K
44895,19,Private,138760,HS-grad,9,Never-married,Machine-op-inspct,Own-child,White,Male,0,0,40,United-States,<=50K
2954,37,Self-emp-not-inc,202683,HS-grad,9,Married-civ-spouse,Prof-specialty,Husband,White,Male,0,0,40,United-States,<=50K
28888,17,Private,285169,11th,7,Never-married,Priv-house-serv,Own-child,White,Female,0,0,40,United-States,<=50K
43701,61,Private,243283,HS-grad,9,Married-civ-spouse,Machine-op-inspct,Husband,White,Male,0,0,40,United-States,<=50K
7439,33,Private,215596,9th,5,Married-civ-spouse,Craft-repair,Husband,Other,Male,0,0,40,Mexico,<=50K
32586,33,Private,119176,Some-college,10,Widowed,Adm-clerical,Unmarried,White,Female,0,0,40,United-States,<=50K
45667,25,Private,178037,HS-grad,9,Never-married,Sales,Unmarried,White,Male,0,0,40,United-States,<=50K
15283,33,Self-emp-not-inc,303867,HS-grad,9,Married-civ-spouse,Sales,Husband,White,Male,0,0,70,United-States,>50K
20374,31,Local-gov,190401,Masters,14,Married-civ-spouse,Prof-specialty,Husband,White,Male,0,0,40,United-States,<=50K
25999,49,Self-emp-not-inc,163352,Prof-school,15,Married-civ-spouse,Prof-specialty,Husband,White,Male,0,0,85,United-States,>50K
31246,22,Private,356567,Assoc-voc,11,Divorced,Tech-support,Not-in-family,White,Male,0,0,60,United-States,<=50K
37785,59,Self-emp-not-inc,188003,Bachelors,13,Widowed,Prof-specialty,Not-in-family,White,Female,0,0,50,United-States,>50K
22090,39,Private,52645,Some-college,10,Divorced,Sales,Unmarried,White,Female,0,0,40,United-States,<=50K
21847,60,Private,389254,HS-grad,9,Married-civ-spouse,Sales,Husband,White,Male,0,0,40,United-States,>50K
31776,36,Private,174717,Bachelors,13,Married-civ-spouse,Prof-specialty,Husband,White,Male,7688,0,40,United-States,>50K
7277,52,Private,177487,HS-grad,9,Married-civ-spouse,Other-service,Husband,White,Male,0,0,40,United-States,<=50K
21794,55,Private,231738,HS-grad,9,Divorced,Sales,Not-in-family,White,Female,0,0,40,England,<=50K
44487,32,,377017,Assoc-acdm,12,Never-married,,Own-child,White,Male,0,0,40,United-States,<=50K
1005,53,,118058,HS-grad,9,Married-civ-spouse,,Husband,White,Male,0,0,40,United-States,>50K
25942,29,Private,183111,Assoc-voc,11,Married-civ-spouse,Machine-op-inspct,Husband,White,Male,0,0,40,United-States,<=50K
8870,43,Private,213416,Some-college,10,Married-civ-spouse,Machine-op-inspct,Husband,White,Male,0,0,40,Mexico,<=50K
2549,51,Private,173987,HS-grad,9,Married-civ-spouse,Sales,Husband,White,Male,0,0,48,United-States,>50K
5579,27,Private,55950,Some-college,10,Never-married,Exec-managerial,Not-in-family,Black,Female,0,0,40,United-States,<=50K
36908,34,Private,125279,HS-grad,9,Married-civ-spouse,Transport-moving,Husband,White,Male,0,0,40,United-States,<=50K
24615,61,Private,153790,HS-grad,9,Married-civ-spouse,Adm-clerical,Wife,Black,Female,0,0,40,United-States,<=50K
15665,21,Private,103031,Some-college,10,Married-civ-spouse,Prof-specialty,Husband,White,Male,0,0,20,United-States,<=50K
47805,51,Self-emp-not-inc,99185,Assoc-acdm,12,Married-civ-spouse,Exec-managerial,Husband,White,Male,0,0,40,United-States,>50K
41776,30,Private,427474,9th,5,Married-civ-spouse,Other-service,Husband,White,Male,0,0,40,Mexico,<=50K
772,31,Private,122347,HS-grad,9,Separated,Handlers-cleaners,Not-in-family,White,Male,0,0,40,United-States,<=50K
8145,66,Private,48034,HS-grad,9,Married-civ-spouse,Transport-moving,Husband,White,Male,0,0,16,United-States,<=50K
13713,30,Private,118551,Bachelors,13,Never-married,Sales,Not-in-family,White,Female,0,0,35,United-States,>50K
33280,18,Private,252993,12th,8,Never-married,Handlers-cleaners,Own-child,White,Male,0,0,40,Columbia,<=50K
11098,46,Private,23545,HS-grad,9,Divorced,Protective-serv,Not-in-family,White,Male,0,0,40,United-States,<=50K
9036,40,Private,165858,Assoc-acdm,12,Never-married,Sales,Not-in-family,White,Male,0,0,80,United-States,>50K
15312,28,Private,337424,Prof-school,15,Never-married,Prof-specialty,Not-in-family,White,Male,0,0,80,United-States,<=50K
48238,26,Private,473625,HS-grad,9,Married-civ-spouse,Other-service,Wife,White,Female,0,0,30,United-States,<=50K
21622,19,Private,169853,HS-grad,9,Never-married,Machine-op-inspct,Own-child,White,Male,0,0,24,United-States,<=50K
609,33,Local-gov,217304,Bachelors,13,Never-married,Adm-clerical,Not-in-family,Black,Male,0,0,40,United-States,<=50K
20015,18,Private,148644,HS-grad,9,Never-married,Sales,Own-child,White,Female,0,0,28,United-States,<=50K
30644,23,,55492,Assoc-voc,11,Never-married,,Not-in-family,Amer-Indian-Eskimo,Female,0,0,30,United-States,<=50K
47335,50,Private,34067,Assoc-voc,11,Married-civ-spouse,Exec-managerial,Husband,White,Male,0,0,50,United-States,>50K
25115,23,Local-gov,144165,Bachelors,13,Never-married,Prof-specialty,Own-child,Amer-Indian-Eskimo,Male,0,0,30,United-States,<=50K
24150,50,Federal-gov,69614,10th,6,Separated,Craft-repair,Not-in-family,White,Male,0,0,56,United-States,<=50K
32654,46,Private,177114,Assoc-acdm,12,Widowed,Prof-specialty,Unmarried,White,Female,0,0,27,United-States,<=50K
608,36,Private,86143,Assoc-voc,11,Never-married,Craft-repair,Own-child,Asian-Pac-Islander,Male,0,0,40,United-States,<=50K
7390,21,Private,55465,Assoc-acdm,12,Never-married,Other-service,Other-relative,White,Male,0,0,15,United-States,<=50K
8501,28,Private,209301,HS-grad,9,Married-civ-spouse,Transport-moving,Husband,White,Male,0,1848,40,United-States,>50K
41369,29,Federal-gov,244473,Bachelors,13,Married-civ-spouse,Exec-managerial,Husband,White,Male,7688,0,40,United-States,>50K
26187,44,Private,193882,Bachelors,13,Married-civ-spouse,Exec-managerial,Husband,White,Male,0,0,40,United-States,>50K
19819,36,Self-emp-inc,213008,Assoc-acdm,12,Married-civ-spouse,Exec-managerial,Husband,White,Male,0,0,40,United-States,>50K
34201,62,Private,41718,10th,6,Married-civ-spouse,Sales,Husband,White,Male,0,0,35,United-States,<=50K
27471,18,Private,130652,Some-college,10,Never-married,Adm-clerical,Own-child,White,Female,0,0,25,United-States,<=50K
41491,29,Private,142555,Masters,14,Never-married,Prof-specialty,Not-in-family,Black,Male,0,0,42,United-States,<=50K
35646,45,Private,116360,HS-grad,9,Divorced,Other-service,Not-in-family,Black,Female,0,0,35,United-States,<=50K
42731,24,,390608,HS-grad,9,Never-married,,Not-in-family,White,Female,0,0,36,United-States,<=50K
33634,25,Private,104746,Some-college,10,Married-civ-spouse,Handlers-cleaners,Husband,White,Male,0,0,16,United-States,<=50K
32386,32,State-gov,177216,Bachelors,13,Never-married,Prof-specialty,Not-in-family,White,Female,0,0,40,United-States,<=50K
25808,24,Private,112706,Assoc-voc,11,Never-married,Tech-support,Own-child,White,Male,0,0,40,United-States,<=50K
43603,38,Private,184801,Bachelors,13,Married-civ-spouse,Sales,Husband,White,Male,0,0,60,United-States,>50K
21214,31,State-gov,111843,Assoc-acdm,12,Separated,Other-service,Unmarried,Black,Female,0,0,40,United-States,<=50K
7635,72,Private,103990,Masters,14,Married-civ-spouse,Other-service,Husband,White,Male,0,0,12,United-States,<=50K
34563,39,State-gov,55568,HS-grad,9,Married-civ-spouse,Adm-clerical,Wife,White,Female,0,0,40,United-States,<=50K
10758,27,Private,420351,HS-grad,9,Never-married,Adm-clerical,Not-in-family,White,Male,0,0,45,United-States,<=50K
23477,35,Private,110668,HS-grad,9,Married-civ-spouse,Machine-op-inspct,Wife,Black,Female,0,0,35,United-States,<=50K
45675,29,Private,235393,HS-grad,9,Married-civ-spouse,Craft-repair,Husband,Black,Male,0,0,40,United-States,<=50K
1124,53,Private,295896,11th,7,Married-civ-spouse,Craft-repair,Husband,White,Male,0,0,45,United-States,<=50K
2515,45,Self-emp-not-inc,44671,Some-college,10,Married-civ-spouse,Handlers-cleaners,Husband,White,Male,0,0,40,United-States,<=50K
47479,30,Private,122042,Masters,14,Married-civ-spouse,Exec-managerial,Husband,White,Male,0,0,45,United-States,>50K
7708,41,Private,184630,Bachelors,13,Divorced,Handlers-cleaners,Not-in-family,White,Male,4416,0,40,United-States,<=50K
23794,46,Local-gov,149949,Bachelors,13,Married-civ-spouse,Prof-specialty,Husband,White,Male,0,0,45,United-States,>50K
29478,41,Private,350387,Bachelors,13,Never-married,Prof-specialty,Not-in-family,White,Male,0,0,40,United-States,>50K
41078,36,Private,245521,7th-8th,4,Married-civ-spouse,Farming-fishing,Husband,White,Male,0,0,35,Mexico,<=50K
40778,47,Private,278322,Some-college,10,Married-civ-spouse,Prof-specialty,Husband,White,Male,7688,0,40,United-States,>50K
35146,23,Private,187513,Some-college,10,Never-married,Other-service,Own-child,White,Male,0,0,32,United-States,<=50K
1912,32,Private,193565,HS-grad,9,Married-civ-spouse,Machine-op-inspct,Husband,White,Male,0,0,40,United-States,<=50K
25882,41,Private,187881,Some-college,10,Married-civ-spouse,Sales,Husband,White,Male,3942,0,40,United-States,<=50K
39958,72,Private,497280,9th,5,Widowed,Other-service,Unmarried,Black,Female,0,0,20,United-States,<=50K
17893,45,Private,46406,Masters,14,Married-civ-spouse,Prof-specialty,Husband,White,Male,0,0,36,England,>50K
38801,44,Private,187720,HS-grad,9,Married-civ-spouse,Craft-repair,Husband,White,Male,0,0,41,United-States,<=50K
18182,65,Without-pay,27012,7th-8th,4,Widowed,Farming-fishing,Unmarried,White,Female,0,0,50,United-States,<=50K
8578,35,State-gov,140564,Some-college,10,Married-civ-spouse,Tech-support,Husband,White,Male,5013,0,40,United-States,<=50K
40482,52,Local-gov,186117,HS-grad,9,Married-civ-spouse,Protective-serv,Husband,White,Male,0,0,56,United-States,>50K
9685,52,Private,208570,Assoc-voc,11,Divorced,Tech-support,Not-in-family,White,Female,0,0,40,United-States,<=50K
21069,37,Private,117381,Masters,14,Married-civ-spouse,Prof-specialty,Husband,White,Male,0,0,45,United-States,<=50K
1417,34,,370209,HS-grad,9,Divorced,,Not-in-family,White,Male,0,0,40,United-States,<=50K
3611,38,Private,108293,Some-college,10,Married-civ-spouse,Exec-managerial,Wife,White,Female,0,0,45,United-States,>50K
14505,21,Private,177940,HS-grad,9,Married-spouse-absent,Machine-op-inspct,Not-in-family,White,Female,0,0,40,United-States,<=50K
4062,47,Private,202395,7th-8th,4,Married-civ-spouse,Transport-moving,Husband,White,Male,0,0,40,United-States,<=50K
35558,53,Private,29557,Some-college,10,Divorced,Prof-specialty,Not-in-family,White,Female,0,0,40,United-States,<=50K
22764,43,Private,170214,Some-college,10,Married-civ-spouse,Exec-managerial,Husband,White,Male,0,0,50,United-States,>50K
8761,51,Private,40230,HS-grad,9,Married-civ-spouse,Exec-managerial,Wife,White,Female,0,0,60,United-States,<=50K
28501,50,Local-gov,220640,Masters,14,Divorced,Prof-specialty,Not-in-family,Amer-Indian-Eskimo,Female,0,0,50,United-States,>50K
23687,19,Private,393712,HS-grad,9,Never-married,Adm-clerical,Own-child,White,Female,0,0,20,United-States,<=50K
7831,35,Private,327435,Some-college,10,Separated,Prof-specialty,Unmarried,White,Female,0,0,45,United-States,>50K
27739,31,Private,112062,Bachelors,13,Never-married,Prof-specialty,Not-in-family,White,Female,0,0,40,United-States,<=50K
11262,77,Private,171193,Assoc-voc,11,Divorced,Sales,Not-in-family,White,Female,0,1668,30,United-States,<=50K
34237,36,Private,240323,HS-grad,9,Separated,Sales,Unmarried,Black,Female,0,0,17,United-States,<=50K
39035,71,Private,110380,HS-grad,9,Married-civ-spouse,Sales,Husband,White,Male,0,2467,52,United-States,<=50K
42470,17,Private,230789,9th,5,Never-married,Sales,Own-child,Black,Male,0,0,22,United-States,<=50K
34212,49,Private,187563,Some-college,10,Divorced,Other-service,Not-in-family,White,Male,0,0,40,United-States,<=50K
40071,52,Local-gov,330799,9th,5,Married-civ-spouse,Other-service,Wife,White,Female,0,0,40,United-States,<=50K
27507,27,Local-gov,92431,Some-college,10,Never-married,Protective-serv,Not-in-family,White,Male,0,2231,40,United-States,>50K
34058,27,Private,220748,HS-grad,9,Never-married,Handlers-cleaners,Other-relative,Black,Male,0,0,48,United-States,<=50K
21785,40,Private,197923,Bachelors,13,Never-married,Adm-clerical,Unmarried,Black,Female,2977,0,40,United-States,<=50K
13557,65,Private,195568,Some-college,10,Widowed,Machine-op-inspct,Not-in-family,White,Female,0,0,20,United-States,<=50K
10552,47,Self-emp-inc,120131,HS-grad,9,Married-civ-spouse,Exec-managerial,Husband,White,Male,0,0,50,United-States,<=50K
46462,34,Private,93169,Some-college,10,Divorced,Other-service,Unmarried,Black,Female,0,0,40,United-States,<=50K
5564,54,Local-gov,137678,HS-grad,9,Divorced,Other-service,Not-in-family,White,Female,0,0,30,United-States,<=50K
48549,42,Private,204235,HS-grad,9,Married-civ-spouse,Sales,Husband,White,Male,0,0,40,United-States,<=50K
35979,43,Local-gov,143046,Some-college,10,Divorced,Other-service,Unmarried,White,Female,0,0,20,United-States,<=50K
9246,36,Private,168055,Bachelors,13,Married-civ-spouse,Exec-managerial,Husband,White,Male,5178,0,40,United-States,>50K
19458,20,Private,227943,HS-grad,9,Never-married,Handlers-cleaners,Own-child,White,Male,0,0,45,United-States,<=50K
46309,19,Private,39756,Some-college,10,Never-married,Other-service,Own-child,White,Female,0,0,15,United-States,<=50K
23744,68,,170182,Some-college,10,Never-married,,Unmarried,Black,Female,0,0,40,United-States,<=50K
2322,48,Private,232149,Bachelors,13,Divorced,Tech-support,Own-child,White,Female,0,0,40,United-States,<=50K
7180,23,Private,415755,11th,7,Never-married,Handlers-cleaners,Own-child,White,Male,0,0,30,United-States,<=50K
3799,42,Federal-gov,208470,HS-grad,9,Married-civ-spouse,Machine-op-inspct,Husband,White,Male,0,0,40,United-States,<=50K
26006,51,State-gov,226885,HS-grad,9,Never-married,Transport-moving,Not-in-family,White,Male,0,0,40,United-States,<=50K
21276,43,Private,222971,5th-6th,3,Never-married,Machine-op-inspct,Unmarried,White,Female,0,0,40,Mexico,<=50K
31605,23,Private,194247,Some-college,10,Never-married,Sales,Not-in-family,White,Male,0,0,40,United-States,<=50K
16123,55,Local-gov,56915,HS-grad,9,Divorced,Exec-managerial,Unmarried,Amer-Indian-Eskimo,Male,0,0,8,United-States,<=50K
6354,39,Private,67317,Some-college,10,Married-civ-spouse,Transport-moving,Husband,White,Male,0,0,40,United-States,<=50K
38459,42,Private,341757,Some-college,10,Never-married,Machine-op-inspct,Not-in-family,White,Female,0,0,40,United-States,<=50K
36531,59,State-gov,132717,10th,6,Married-civ-spouse,Farming-fishing,Husband,White,Male,0,0,40,United-States,<=50K
30822,20,,43587,HS-grad,9,Married-spouse-absent,,Not-in-family,White,Female,0,0,35,United-States,<=50K
39816,59,,424468,Bachelors,13,Married-civ-spouse,,Husband,White,Male,0,0,40,United-States,>50K
17462,40,Private,216237,Bachelors,13,Divorced,Exec-managerial,Not-in-family,White,Female,0,0,45,United-States,>50K
24105,51,Private,182314,Masters,14,Married-civ-spouse,Tech-support,Husband,White,Male,0,0,40,United-States,>50K
40078,30,Private,260782,HS-grad,9,Never-married,Craft-repair,Unmarried,White,Male,0,0,40,,<=50K
25501,55,Private,170169,HS-grad,9,Separated,Adm-clerical,Not-in-family,White,Female,0,0,40,United-States,<=50K
43063,54,Private,230767,Assoc-acdm,12,Married-civ-spouse,Craft-repair,Husband,White,Male,0,0,40,Cuba,<=50K
38008,25,Private,213385,HS-grad,9,Never-married,Adm-clerical,Not-in-family,White,Male,0,0,40,United-States,<=50K
26307,27,Private,72887,HS-grad,9,Never-married,Handlers-cleaners,Other-relative,Asian-Pac-Islander,Male,0,0,40,United-States,<=50K
14934,26,State-gov,93806,Some-college,10,Never-married,Adm-clerical,Other-relative,White,Male,0,0,25,United-States,<=50K
32221,43,State-gov,222978,Doctorate,16,Separated,Prof-specialty,Unmarried,White,Female,0,0,40,United-States,>50K
11235,36,Private,225516,Bachelors,13,Married-civ-spouse,Exec-managerial,Husband,Black,Male,0,0,40,United-States,>50K
5360,32,,251120,Some-college,10,Never-married,,Other-relative,White,Male,0,0,40,United-States,<=50K
37076,47,State-gov,199512,Bachelors,13,Married-civ-spouse,Exec-managerial,Husband,White,Male,0,0,40,United-States,>50K
10237,39,Private,317434,HS-grad,9,Never-married,Exec-managerial,Own-child,White,Male,0,0,40,United-States,<=50K
23300,47,State-gov,469907,Assoc-acdm,12,Married-civ-spouse,Protective-serv,Husband,White,Male,0,1740,40,United-States,<=50K
8037,40,Private,131899,Some-college,10,Divorced,Exec-managerial,Not-in-family,White,Male,0,0,40,United-States,<=50K
47501,56,,425497,Assoc-acdm,12,Married-civ-spouse,,Husband,White,Male,0,0,20,United-States,<=50K
41962,27,Private,68848,Bachelors,13,Never-married,Adm-clerical,Unmarried,White,Female,0,0,35,United-States,<=50K
2141,52,Self-emp-not-inc,95082,HS-grad,9,Married-civ-spouse,Sales,Husband,White,Male,0,0,60,United-States,<=50K
23403,38,Self-emp-not-inc,245090,9th,5,Married-civ-spouse,Craft-repair,Husband,White,Male,0,0,40,Mexico,<=50K
6407,31,Private,101345,Bachelors,13,Never-married,Sales,Not-in-family,White,Female,0,0,40,United-States,<=50K
44104,53,Federal-gov,167380,HS-grad,9,Married-civ-spouse,Transport-moving,Husband,White,Male,0,1740,50,United-States,<=50K
30969,17,,303317,11th,7,Never-married,,Own-child,White,Male,0,0,40,United-States,<=50K
30906,27,Private,167405,HS-grad,9,Married-spouse-absent,Farming-fishing,Own-child,White,Female,0,0,40,Mexico,<=50K
43207,33,Private,312881,Bachelors,13,Married-civ-spouse,Prof-specialty,Husband,Black,Male,0,0,40,United-States,>50K
36119,24,Self-emp-not-inc,166036,Some-college,10,Married-civ-spouse,Transport-moving,Husband,White,Male,0,0,60,United-States,<=50K
17122,35,Private,135162,Some-college,10,Married-civ-spouse,Craft-repair,Husband,White,Male,0,0,50,United-States,<=50K
13610,58,Local-gov,36091,Masters,14,Never-married,Exec-managerial,Not-in-family,Amer-Indian-Eskimo,Female,0,0,40,United-States,<=50K
18842,40,Private,216116,9th,5,Never-married,Machine-op-inspct,Unmarried,Black,Female,0,0,40,Haiti,<=50K
7337,57,Self-emp-not-inc,321456,HS-grad,9,Married-civ-spouse,Farming-fishing,Husband,White,Male,0,0,20,United-States,<=50K
48600,54,Private,219737,HS-grad,9,Widowed,Sales,Not-in-family,White,Female,0,0,37,United-States,<=50K
48225,44,Private,144067,Bachelors,13,Divorced,Adm-clerical,Not-in-family,White,Male,0,0,12,,<=50K
28823,39,Local-gov,143385,HS-grad,9,Married-civ-spouse,Craft-repair,Husband,White,Male,0,0,40,United-States,<=50K
18388,26,Private,211265,Some-college,10,Married-spouse-absent,Craft-repair,Other-relative,Black,Female,0,0,35,Dominican-Republic,<=50K
31684,23,Private,215624,Some-college,10,Never-married,Machine-op-inspct,Unmarried,Asian-Pac-Islander,Male,0,0,40,Vietnam,<=50K
29957,24,Private,137876,HS-grad,9,Never-married,Craft-repair,Own-child,White,Male,0,0,50,United-States,<=50K
43275,29,Private,144556,HS-grad,9,Married-civ-spouse,Machine-op-inspct,Husband,White,Male,0,0,45,United-States,<=50K
36691,21,Private,184568,HS-grad,9,Never-married,Machine-op-inspct,Not-in-family,White,Male,0,0,40,United-States,<=50K
20364,59,Self-emp-not-inc,80467,HS-grad,9,Divorced,Other-service,Own-child,White,Female,0,0,24,United-States,<=50K
21956,38,State-gov,352628,Bachelors,13,Divorced,Prof-specialty,Not-in-family,White,Female,0,0,40,United-States,<=50K
13314,61,,270599,1st-4th,2,Widowed,,Not-in-family,White,Female,0,0,18,Mexico,<=50K
9026,67,Private,70737,9th,5,Widowed,Handlers-cleaners,Unmarried,White,Female,0,0,32,United-States,<=50K
38363,28,Private,595088,Some-college,10,Married-civ-spouse,Craft-repair,Husband,White,Male,0,0,63,United-States,<=50K
18115,56,Private,261232,HS-grad,9,Never-married,Craft-repair,Not-in-family,White,Male,0,0,40,United-States,<=50K
27513,35,Private,241001,HS-grad,9,Married-civ-spouse,Machine-op-inspct,Husband,White,Male,0,0,44,United-States,<=50K
16625,22,State-gov,293364,Some-college,10,Never-married,Protective-serv,Own-child,Black,Female,0,0,40,United-States,<=50K
18010,31,Private,77634,Assoc-voc,11,Married-civ-spouse,Other-service,Husband,White,Male,0,0,42,United-States,<=50K
48483,28,Private,55191,Assoc-acdm,12,Never-married,Handlers-cleaners,Not-in-family,White,Male,0,0,45,United-States,<=50K
26577,42,Private,340234,HS-grad,9,Married-civ-spouse,Tech-support,Husband,Asian-Pac-Islander,Male,15024,0,40,United-States,>50K
14750,46,Private,110646,Assoc-acdm,12,Married-civ-spouse,Adm-clerical,Wife,White,Female,0,0,56,United-States,<=50K
44127,20,Local-gov,308654,Some-college,10,Never-married,Protective-serv,Own-child,Asian-Pac-Islander,Female,0,0,20,United-States,<=50K
20771,29,Private,107458,Bachelors,13,Never-married,Sales,Not-in-family,White,Male,0,0,50,United-States,<=50K
34391,26,Private,245029,Bachelors,13,Never-married,Adm-clerical,Not-in-family,Black,Female,0,0,40,United-States,<=50K
23967,35,Local-gov,107233,HS-grad,9,Never-married,Adm-clerical,Unmarried,Amer-Indian-Eskimo,Male,0,0,55,United-States,<=50K
8034,40,Private,157403,Some-college,10,Never-married,Craft-repair,Unmarried,White,Male,0,0,38,United-States,<=50K
47750,23,Private,38707,Some-college,10,Married-civ-spouse,Transport-moving,Husband,White,Male,0,0,60,United-States,>50K
46993,27,Local-gov,255237,Bachelors,13,Never-married,Prof-specialty,Not-in-family,White,Female,0,0,40,United-States,<=50K
18754,39,Self-emp-inc,329980,Bachelors,13,Married-civ-spouse,Sales,Husband,White,Male,0,2415,60,United-States,>50K
6551,26,Private,51961,Some-college,10,Never-married,Protective-serv,Not-in-family,Black,Male,0,0,55,Philippines,<=50K
43536,37,State-gov,117651,Bachelors,13,Never-married,Prof-specialty,Other-relative,White,Male,0,0,40,United-States,<=50K
8546,37,Private,176357,Some-college,10,Divorced,Machine-op-inspct,Not-in-family,White,Male,0,0,40,United-States,<=50K
2094,54,Private,93605,HS-grad,9,Divorced,Transport-moving,Not-in-family,White,Male,0,0,40,United-States,<=50K
25132,66,Private,298834,Some-college,10,Married-civ-spouse,Protective-serv,Husband,White,Male,0,0,40,Canada,<=50K
19746,25,Local-gov,222800,Bachelors,13,Never-married,Prof-specialty,Not-in-family,White,Male,0,0,40,United-States,<=50K
27651,51,Private,112310,Some-college,10,Divorced,Exec-managerial,Unmarried,White,Female,0,0,40,United-States,<=50K
36762,26,Private,213412,11th,7,Married-civ-spouse,Craft-repair,Husband,White,Male,0,0,40,United-States,<=50K
21127,45,Private,77764,Assoc-acdm,12,Married-civ-spouse,Craft-repair,Husband,White,Male,0,0,40,United-States,<=50K
26948,40,Private,226902,Masters,14,Married-civ-spouse,Exec-managerial,Husband,White,Male,15024,0,50,United-States,>50K
38339,26,Private,102476,Bachelors,13,Never-married,Adm-clerical,Own-child,White,Male,0,0,25,United-States,<=50K
42772,35,Private,112077,HS-grad,9,Married-civ-spouse,Handlers-cleaners,Husband,White,Male,5013,0,40,United-States,<=50K
39769,40,Private,283174,Assoc-voc,11,Married-civ-spouse,Farming-fishing,Husband,White,Male,0,0,60,United-States,<=50K
32771,72,,173427,HS-grad,9,Married-civ-spouse,,Husband,White,Male,0,0,40,Cuba,<=50K
25424,59,Self-emp-not-inc,136413,7th-8th,4,Married-civ-spouse,Farming-fishing,Husband,White,Male,0,0,48,United-States,<=50K
8473,45,Private,72393,Bachelors,13,Married-spouse-absent,Prof-specialty,Unmarried,White,Female,0,0,38,United-States,<=50K
29596,26,Private,152855,HS-grad,9,Never-married,Exec-managerial,Own-child,Other,Female,0,0,40,Mexico,<=50K
3222,37,Private,112497,Bachelors,13,Married-civ-spouse,Sales,Husband,White,Male,0,0,60,United-States,<=50K
44083,19,Private,268524,Some-college,10,Never-married,Sales,Own-child,White,Female,0,0,15,United-States,<=50K
43837,59,Self-emp-not-inc,98418,HS-grad,9,Married-civ-spouse,Farming-fishing,Husband,White,Male,0,0,20,United-States,<=50K
33322,24,Local-gov,161092,HS-grad,9,Never-married,Other-service,Own-child,White,Male,0,0,40,United-States,<=50K
15837,42,Private,197344,HS-grad,9,Married-civ-spouse,Other-service,Husband,White,Male,0,0,45,United-States,<=50K
24447,60,Private,147473,HS-grad,9,Married-civ-spouse,Sales,Husband,White,Male,0,0,40,United-States,<=50K
14883,31,,162041,HS-grad,9,Never-married,,Own-child,White,Female,0,0,15,United-States,<=50K
15943,52,Private,196504,7th-8th,4,Married-civ-spouse,Handlers-cleaners,Husband,White,Male,0,0,40,United-States,<=50K
13759,45,Private,363253,Some-college,10,Never-married,Prof-specialty,Not-in-family,White,Male,0,0,50,,>50K
38654,46,,280030,5th-6th,3,Married-civ-spouse,,Husband,White,Male,0,0,40,Mexico,<=50K
3628,34,Self-emp-not-inc,180607,HS-grad,9,Married-spouse-absent,Other-service,Unmarried,White,Female,0,0,45,United-States,<=50K
35258,37,Private,193855,HS-grad,9,Married-civ-spouse,Transport-moving,Husband,White,Male,0,0,45,United-States,<=50K
18798,51,Private,106728,Bachelors,13,Married-civ-spouse,Exec-managerial,Husband,White,Male,5178,0,60,United-States,>50K
6892,23,Private,195016,Some-college,10,Never-married,Prof-specialty,Not-in-family,Other,Female,0,0,35,United-States,<=50K
18332,53,Private,302868,Bachelors,13,Married-civ-spouse,Sales,Husband,White,Male,0,0,50,United-States,>50K
20370,23,Private,449432,Some-college,10,Never-married,Adm-clerical,Own-child,White,Male,0,0,40,United-States,<=50K
8337,22,,227943,Some-college,10,Never-married,,Not-in-family,White,Male,0,0,44,United-States,<=50K
2907,44,Private,230478,Assoc-acdm,12,Divorced,Exec-managerial,Not-in-family,White,Male,0,0,60,United-States,>50K
10761,27,Private,130492,11th,7,Divorced,Craft-repair,Unmarried,Other,Male,0,0,35,United-States,<=50K
17666,45,Private,127303,Some-college,10,Never-married,Machine-op-inspct,Own-child,White,Male,0,0,45,United-States,<=50K
22018,30,Private,174704,11th,7,Married-civ-spouse,Machine-op-inspct,Husband,Black,Male,0,0,40,United-States,<=50K
23389,48,Private,108699,HS-grad,9,Never-married,Adm-clerical,Not-in-family,White,Female,0,0,40,United-States,<=50K
5991,70,,88638,HS-grad,9,Married-civ-spouse,,Wife,White,Female,0,0,8,United-States,<=50K
45901,37,Private,314963,Some-college,10,Married-civ-spouse,Machine-op-inspct,Husband,White,Male,0,0,40,United-States,<=50K
35047,18,Private,36275,HS-grad,9,Never-married,Craft-repair,Own-child,White,Male,0,0,25,United-States,<=50K
14565,17,Private,318025,HS-grad,9,Never-married,Other-service,Other-relative,White,Male,0,0,20,United-States,<=50K
19414,45,Private,67716,HS-grad,9,Never-married,Craft-repair,Own-child,White,Male,10520,0,48,United-States,>50K
36273,43,Private,184378,Bachelors,13,Married-civ-spouse,Prof-specialty,Husband,White,Male,0,0,35,United-States,<=50K
15618,37,Private,127048,Some-college,10,Married-civ-spouse,Adm-clerical,Wife,White,Female,0,0,40,United-States,<=50K
4246,23,Private,40165,Some-college,10,Never-married,Prof-specialty,Not-in-family,White,Female,0,0,50,Japan,<=50K
5875,46,Private,344415,Doctorate,16,Married-civ-spouse,Prof-specialty,Husband,White,Male,0,0,40,United-States,>50K
6394,38,Private,193945,HS-grad,9,Never-married,Transport-moving,Not-in-family,White,Male,0,0,40,United-States,<=50K
3986,20,Private,228960,Some-college,10,Never-married,Other-service,Own-child,White,Female,0,0,40,United-States,<=50K
24876,38,Self-emp-not-inc,233571,HS-grad,9,Separated,Other-service,Unmarried,White,Female,0,0,40,United-States,<=50K
16408,31,Private,114937,Assoc-acdm,12,Married-civ-spouse,Adm-clerical,Husband,White,Male,0,0,40,United-States,>50K
1317,41,Private,75171,Bachelors,13,Divorced,Exec-managerial,Unmarried,White,Female,0,0,40,United-States,<=50K
37959,22,State-gov,157332,Some-college,10,Never-married,Other-service,Own-child,White,Female,0,0,15,United-States,<=50K
11347,41,Private,173981,HS-grad,9,Married-civ-spouse,Other-service,Husband,White,Male,0,0,40,,<=50K
37754,74,Self-emp-not-inc,173929,Doctorate,16,Married-spouse-absent,Prof-specialty,Not-in-family,White,Male,0,0,25,United-States,>50K
31493,23,Private,306601,Bachelors,13,Never-married,Craft-repair,Not-in-family,Amer-Indian-Eskimo,Male,0,0,40,Mexico,<=50K
40128,66,Local-gov,157942,HS-grad,9,Widowed,Transport-moving,Not-in-family,Black,Female,0,0,40,United-States,<=50K
21569,32,Private,198068,HS-grad,9,Never-married,Transport-moving,Not-in-family,White,Male,0,0,60,United-States,<=50K
33681,51,Private,441637,HS-grad,9,Married-civ-spouse,Tech-support,Husband,White,Male,0,0,40,United-States,<=50K
18527,58,Self-emp-not-inc,164065,Masters,14,Divorced,Sales,Not-in-family,White,Male,0,0,18,United-States,<=50K
1877,37,Private,202662,10th,6,Divorced,Transport-moving,Unmarried,White,Male,0,0,40,United-States,<=50K
7789,46,State-gov,107682,HS-grad,9,Divorced,Adm-clerical,Not-in-family,White,Female,0,0,38,United-States,<=50K
41238,35,Private,129597,Some-college,10,Married-civ-spouse,Sales,Husband,White,Male,0,0,46,United-States,<=50K
26275,34,Self-emp-not-inc,175697,Assoc-voc,11,Married-civ-spouse,Craft-repair,Husband,White,Male,0,0,75,United-States,<=50K
12395,48,Private,142909,HS-grad,9,Married-civ-spouse,Tech-support,Husband,White,Male,0,0,40,United-States,<=50K
1895,36,Private,50707,Bachelors,13,Divorced,Priv-house-serv,Unmarried,White,Female,0,0,40,United-States,<=50K
24755,52,Self-emp-not-inc,135716,HS-grad,9,Married-civ-spouse,Farming-fishing,Husband,White,Male,0,0,70,United-States,<=50K
5661,64,Local-gov,152172,10th,6,Married-civ-spouse,Machine-op-inspct,Wife,White,Male,0,0,40,,<=50K
16904,29,Private,34383,Assoc-voc,11,Married-civ-spouse,Transport-moving,Husband,White,Male,0,0,55,United-States,<=50K
46086,62,Self-emp-not-inc,75478,Bachelors,13,Married-civ-spouse,Exec-managerial,Husband,White,Male,0,0,40,United-States,<=50K
1682,26,Private,427744,HS-grad,9,Never-married,Adm-clerical,Own-child,White,Male,0,0,40,United-States,<=50K
10999,45,Private,233511,Assoc-acdm,12,Married-civ-spouse,Exec-managerial,Husband,White,Male,0,0,40,United-States,>50K
30506,42,Private,115085,HS-grad,9,Married-civ-spouse,Adm-clerical,Husband,White,Male,0,0,50,United-States,<=50K
19452,43,Self-emp-not-inc,198096,Masters,14,Married-civ-spouse,Sales,Husband,White,Male,0,0,60,United-States,<=50K
43230,26,Private,86872,HS-grad,9,Married-civ-spouse,Transport-moving,Husband,White,Male,0,0,40,United-States,>50K
31580,30,Private,173005,HS-grad,9,Married-civ-spouse,Adm-clerical,Husband,White,Male,0,0,44,United-States,<=50K
19957,44,Private,100584,HS-grad,9,Married-civ-spouse,Machine-op-inspct,Husband,Amer-Indian-Eskimo,Male,0,0,40,United-States,<=50K
1536,41,Private,228847,Some-college,10,Married-civ-spouse,Sales,Husband,White,Male,0,0,40,United-States,>50K
25148,34,Private,56121,11th,7,Divorced,Craft-repair,Unmarried,White,Male,0,0,40,United-States,<=50K
16256,23,Private,93977,HS-grad,9,Never-married,Machine-op-inspct,Own-child,White,Male,0,0,40,United-States,<=50K
34251,28,Self-emp-not-inc,195607,HS-grad,9,Married-civ-spouse,Sales,Wife,White,Female,0,0,40,United-States,<=50K
3221,34,Private,344275,Masters,14,Never-married,Prof-specialty,Not-in-family,White,Male,0,0,60,,>50K
20516,26,State-gov,28366,Bachelors,13,Never-married,Prof-specialty,Not-in-family,White,Male,0,0,40,United-States,<=50K
46090,39,Local-gov,119421,Bachelors,13,Married-civ-spouse,Prof-specialty,Wife,White,Female,0,0,42,United-States,<=50K
15815,23,Private,233280,Bachelors,13,Divorced,Adm-clerical,Not-in-family,White,Female,8614,0,70,United-States,>50K
39023,26,Private,90277,HS-grad,9,Never-married,Adm-clerical,Own-child,White,Male,0,0,40,,<=50K
30918,31,Local-gov,226494,Bachelors,13,Never-married,Prof-specialty,Not-in-family,White,Male,0,0,45,United-States,<=50K
550,18,Private,170194,11th,7,Never-married,Sales,Own-child,White,Male,0,0,25,United-States,<=50K
25845,26,Private,275703,Some-college,10,Married-civ-spouse,Sales,Husband,White,Male,0,0,40,United-States,<=50K
20351,90,Private,313986,11th,7,Never-married,Handlers-cleaners,Own-child,White,Male,0,0,40,United-States,<=50K
13611,57,Private,124318,HS-grad,9,Married-civ-spouse,Adm-clerical,Wife,White,Female,0,0,45,United-States,<=50K
47378,56,Private,122390,Assoc-voc,11,Married-civ-spouse,Sales,Husband,White,Male,15024,0,40,United-States,>50K
8053,45,State-gov,185797,Some-college,10,Never-married,Tech-support,Not-in-family,White,Female,3325,0,60,United-States,<=50K
20613,36,Private,356838,Doctorate,16,Married-civ-spouse,Prof-specialty,Husband,White,Male,0,0,50,Canada,<=50K
41596,64,Self-emp-not-inc,219661,Prof-school,15,Married-civ-spouse,Prof-specialty,Husband,White,Male,0,0,9,United-States,>50K
8677,73,Self-emp-not-inc,228899,7th-8th,4,Never-married,Adm-clerical,Not-in-family,White,Female,0,0,99,United-States,<=50K
44349,19,Private,282698,7th-8th,4,Never-married,Adm-clerical,Own-child,White,Male,0,0,80,United-States,<=50K
29186,37,Private,168941,11th,7,Divorced,Craft-repair,Not-in-family,White,Male,0,0,40,United-States,<=50K
8615,27,Private,200610,HS-grad,9,Married-civ-spouse,Machine-op-inspct,Husband,White,Male,2580,0,40,United-States,<=50K
8023,19,,768659,Some-college,10,Never-married,,Not-in-family,White,Male,0,0,60,United-States,<=50K
4413,44,State-gov,128586,Bachelors,13,Never-married,Farming-fishing,Not-in-family,White,Male,0,0,40,United-States,<=50K
43458,36,Private,189674,Some-college,10,Separated,Other-service,Other-relative,Black,Female,0,0,40,United-States,<=50K
42415,48,Private,67725,Bachelors,13,Married-civ-spouse,Sales,Husband,White,Male,0,0,45,United-States,<=50K
11790,44,State-gov,46221,Doctorate,16,Never-married,Prof-specialty,Not-in-family,White,Male,0,0,45,United-States,>50K
27998,44,Private,286750,Bachelors,13,Married-civ-spouse,Exec-managerial,Husband,Black,Male,0,1902,40,United-States,>50K
7936,36,Private,181705,Some-college,10,Separated,Transport-moving,Not-in-family,White,Male,0,0,40,United-States,<=50K
19645,20,Private,185554,Some-college,10,Never-married,Adm-clerical,Own-child,White,Female,0,0,25,United-States,<=50K
18902,25,Private,135645,Masters,14,Never-married,Sales,Not-in-family,White,Male,0,0,20,United-States,<=50K
20348,38,Private,241765,11th,7,Divorced,Handlers-cleaners,Not-in-family,White,Female,0,0,60,United-States,<=50K
4605,37,Private,152909,Some-college,10,Married-civ-spouse,Exec-managerial,Husband,White,Male,0,0,60,United-States,<=50K
8807,24,State-gov,292816,Assoc-voc,11,Never-married,Adm-clerical,Own-child,White,Female,0,0,40,United-States,<=50K
29156,37,Private,241998,Bachelors,13,Married-civ-spouse,Tech-support,Husband,White,Male,0,1977,40,United-States,>50K
20984,33,Private,157747,9th,5,Divorced,Handlers-cleaners,Not-in-family,White,Male,0,0,70,United-States,<=50K
5152,44,Private,117936,HS-grad,9,Married-civ-spouse,Craft-repair,Husband,Black,Male,0,0,40,United-States,<=50K
20757,21,Private,51985,HS-grad,9,Never-married,Craft-repair,Not-in-family,White,Male,0,0,40,United-States,<=50K
30860,55,Private,197399,Masters,14,Married-civ-spouse,Exec-managerial,Husband,White,Male,99999,0,55,United-States,>50K
33306,29,Private,320451,HS-grad,9,Never-married,Protective-serv,Not-in-family,Asian-Pac-Islander,Male,0,0,40,Philippines,<=50K
7460,53,Private,172962,Prof-school,15,Married-civ-spouse,Prof-specialty,Husband,White,Male,0,0,40,United-States,>50K
10436,18,,269373,12th,8,Never-married,,Own-child,White,Female,0,0,20,United-States,<=50K
657,22,,228686,Some-college,10,Divorced,,Own-child,White,Male,0,1602,25,United-States,<=50K
19391,24,Federal-gov,44075,Bachelors,13,Never-married,Prof-specialty,Not-in-family,Asian-Pac-Islander,Male,0,0,40,United-States,<=50K
26992,20,Private,194504,Some-college,10,Separated,Sales,Unmarried,Black,Female,0,0,40,United-States,<=50K
30120,47,Private,168211,HS-grad,9,Married-civ-spouse,Craft-repair,Husband,White,Male,0,0,44,United-States,<=50K
22780,37,Private,308691,Bachelors,13,Married-civ-spouse,Craft-repair,Husband,White,Male,0,0,45,United-States,>50K
9584,37,,33355,Assoc-acdm,12,Married-civ-spouse,,Husband,White,Male,0,0,30,United-States,<=50K
19326,61,Private,123273,5th-6th,3,Divorced,Transport-moving,Not-in-family,White,Male,0,1876,56,United-States,<=50K
22637,49,Self-emp-not-inc,204241,Bachelors,13,Never-married,Sales,Not-in-family,White,Male,0,0,45,United-States,<=50K
26653,24,Private,278155,Some-college,10,Never-married,Machine-op-inspct,Not-in-family,White,Male,0,0,30,United-States,<=50K
6885,61,Federal-gov,294466,Some-college,10,Divorced,Adm-clerical,Not-in-family,Black,Female,0,0,40,United-States,<=50K
37990,25,Private,108542,Bachelors,13,Never-married,Exec-managerial,Own-child,White,Male,0,0,35,United-States,<=50K
33671,22,Private,390817,5th-6th,3,Married-civ-spouse,Craft-repair,Other-relative,White,Male,0,0,40,Mexico,<=50K
35378,62,Local-gov,167889,Doctorate,16,Widowed,Prof-specialty,Unmarried,White,Female,0,0,40,Iran,<=50K
36285,55,Private,194290,HS-grad,9,Divorced,Craft-repair,Not-in-family,White,Male,0,0,40,United-States,<=50K
